"sample","POS","REF","ALT","percent"
"A1",4413,"A","T",0.0893
"A1",8782,"C","T",0.9903
"A1",22126,"T","G",0.0996
"A1",22303,"T","G",0.2138
"A1",26439,"G","T",0.1624
"A1",27549,"C","T",0.162
"A1",28144,"T","C",0.9901
"A1-1",8782,"C","T",0.9788
"A1-1",26439,"G","T",0.108
"A1-1",27549,"C","T",0.0924
"A1-1",28144,"T","C",0.8835
"A1-2",8782,"C","T",0.9915
"A1-2",26439,"G","T",0.1949
"A1-2",27237,"A","C",0.0761
"A1-2",27549,"C","T",0.1994
"A1-2",28144,"T","C",0.9116
"A1-3",8782,"C","T",0.9889
"A1-3",19541,"T","G",0.3329
"A1-3",22126,"T","G",0.082
"A1-3",22303,"T","G",0.2104
"A1-3",26439,"G","T",0.2102
"A1-3",27235,"G","T",0.0911
"A1-3",27549,"C","T",0.1812
"A1-3",28144,"T","C",0.9128
"A1-4",7283,"G","T",0.0502
"A1-4",8782,"C","T",0.9918
"A1-4",22117,"T","G",0.0506
"A1-4",22126,"T","G",0.0901
"A1-4",22205,"G","C",0.1498
"A1-4",22303,"T","G",0.3971
"A1-4",23606,"C","T",0.0926
"A1-4",26439,"G","T",0.2395
"A1-4",27235,"G","T",0.0781
"A1-4",27549,"C","T",0.1746
"A1-4",28144,"T","C",0.9239
"A1-5",7262,"C","A",0.0507
"A1-5",8782,"C","T",0.9854
"A1-5",22126,"T","G",0.0865
"A1-5",22205,"G","C",0.1467
"A1-5",22303,"T","G",0.4074
"A1-5",23606,"C","T",0.0993
"A1-5",26439,"G","T",0.2591
"A1-5",27235,"G","T",0.0961
"A1-5",27237,"A","C",0.0714
"A1-5",27549,"C","T",0.1742
"A1-5",28144,"T","C",0.9193
"A2",8782,"C","T",0.9997
"A2",18060,"C","T",0.9989
"A2",28144,"T","C",0.9983
"A2-1",5144,"C","T",0.3164
"A2-1",7283,"G","T",0.0665
"A2-1",8782,"C","T",0.9913
"A2-1",18060,"C","T",0.9417
"A2-1",27235,"G","T",0.1009
"A2-1",28144,"T","C",0.9933
"A2-2",8782,"C","T",0.9912
"A2-2",18060,"C","T",0.9792
"A2-2",27235,"G","T",0.0591
"A2-2",28144,"T","C",0.9013
"A2-3",8782,"C","T",0.9911
"A2-3",18060,"C","T",0.9909
"A2-3",21849,"A","C",0.0568
"A2-3",22205,"G","C",0.57
"A2-3",22287,"T","C",0.0536
"A2-3",27235,"G","T",0.0845
"A2-3",28144,"T","C",0.9046
"A2-3",28828,"T","G",0.0537
"A2-4",8782,"C","T",0.9947
"A2-4",18060,"C","T",0.9948
"A2-4",21784,"T","A",0.0608
"A2-4",22205,"G","C",0.6849
"A2-4",22287,"T","C",0.0526
"A2-4",27235,"G","T",0.0595
"A2-4",28144,"T","C",0.9548
"A2-5",8782,"C","T",0.9925
"A2-5",18060,"C","T",0.9922
"A2-5",21784,"T","A",0.0561
"A2-5",22205,"G","C",0.6883
"A2-5",22287,"T","C",0.0547
"A2-5",27235,"G","T",0.064
"A2-5",28144,"T","C",0.9543
"B1",22206,"A","G",0.1116
"B1",22301,"A","C",0.4327
"B1",26461,"C","T",0.0952
"B1",28198,"G","T",0.1104
"B1",29253,"C","T",0.3868
"B1",29756,"A","C",0.1206
"B1-1",26461,"C","T",0.1955
"B1-1",28198,"G","T",0.1826
"B1-1",29253,"C","T",0.0552
"B1-2",26461,"C","T",0.1809
"B1-2",27235,"G","T",0.0672
"B1-2",28198,"G","T",0.1917
"B1-2",29253,"C","T",0.0681
"B1-3",19541,"T","G",0.2505
"B1-3",22206,"A","G",0.1025
"B1-3",22301,"A","C",0.7133
"B1-3",25906,"G","T",0.0904
"B1-3",29253,"C","T",0.5944
"B1-3",29756,"A","C",0.078
"B1-4",19541,"T","G",0.114
"B1-4",22301,"A","C",0.1966
"B1-4",23525,"C","T",0.0924
"B1-4",26461,"C","T",0.2283
"B1-4",27235,"G","T",0.0779
"B1-4",28198,"G","T",0.2184
"B1-4",29253,"C","T",0.2967
"B1-5",22301,"A","C",0.1856
"B1-5",23525,"C","T",0.102
"B1-5",26461,"C","T",0.2258
"B1-5",28198,"G","T",0.2277
"B1-5",29253,"C","T",0.1913
"B2",16704,"A","C",0.0677
"B2",22205,"G","C",0.0608
"B2",22303,"T","G",0.2673
"B2",29762,"C","T",0.0648
"B2-1",4633,"C","A",0.0521
"B2-1",4662,"T","G",0.0519
"B2-1",7262,"C","A",0.0555
"B2-1",16704,"A","C",0.0584
"B2-1",27235,"G","T",0.0794
"B2-1",29762,"C","T",0.0636
"B2-2",7283,"G","T",0.056
"B2-2",16704,"A","C",0.0883
"B2-2",29762,"C","T",0.0664
"B2-3",14952,"T","C",0.1098
"B2-3",16704,"A","C",0.0667
"B2-3",22206,"A","C",0.077
"B2-3",22303,"T","G",0.7698
"B2-3",23525,"C","T",0.0678
"B2-3",26359,"T","G",0.0551
"B2-3",27235,"G","T",0.0534
"B2-3",29762,"C","T",0.0567
"B2-4",4633,"C","A",0.0553
"B2-4",16704,"A","C",0.0654
"B2-4",22303,"T","G",0.1327
"B2-4",25336,"A","C",0.0536
"B2-4",27235,"G","T",0.0718
"B2-4",29762,"C","T",0.0623
"B2-5",16704,"A","C",0.0632
"B2-5",22303,"T","G",0.1468
"B2-5",27235,"G","T",0.0686
"B2-5",29762,"C","T",0.0815
